electrophile_id,ligand_name,yield,solvent
s1,A-paPhos,87.13,etoh
s1,CX-FBu,6.37,etoh
s1,CX-PCy,71.75,etoh
s1,Cy-BippyPhos,64.52,etoh
s1,Cy-JohnPhos,80.44,etoh
s1,Cy-PhenCar-Phos,83.28,etoh
s1,Cy-vBRIDP,69.3,etoh
s1,Kwong,72.88,etoh
s1,MeO-KITPHOS,75.61,etoh
s1,MePhos,56.11,etoh
s1,PCy3 HBF4,2.31,etoh
s1,Ph-DavePhos,53.8,etoh
s1,Ph-SPhos,86.96,etoh
s1,Ph-XPhos,3.73,etoh
s1,PMe3 HBF4,0.0,etoh
s1,P(o-Anis)3,11.34,etoh
s1,P(p-Anis)3,87.97,etoh
s1,P(p-F-Ph)3,85.3,etoh
s1,PPh2Cy,88.21,etoh
s1,PPh3,85.47,etoh
s1,PPhtBu2,0.0,etoh
s1,PXy3,88.35,etoh
s1,VPhos,16.8,etoh
s2,A-paPhos,79.28999999999999,etoh
s2,CX-FBu,15.445,etoh
s2,CX-PCy,54.59,etoh
s2,Cy-BippyPhos,51.53,etoh
s2,Cy-JohnPhos,45.43,etoh
s2,Cy-PhenCar-Phos,42.96,etoh
s2,Cy-vBRIDP,17.955,etoh
s2,Kwong,28.16,etoh
s2,MeO-KITPHOS,21.91,etoh
s2,MePhos,21.46,etoh
s2,PCy3 HBF4,6.875,etoh
s2,Ph-DavePhos,55.045,etoh
s2,Ph-SPhos,60.475,etoh
s2,Ph-XPhos,26.49,etoh
s2,PMe3 HBF4,15.61,etoh
s2,P(o-Anis)3,31.745,etoh
s2,P(p-Anis)3,71.46000000000001,etoh
s2,P(p-F-Ph)3,79.36500000000001,etoh
s2,PPh2Cy,47.935,etoh
s2,PPh3,79.22,etoh
s2,PPhtBu2,10.215,etoh
s2,PXy3,73.02000000000001,etoh
s2,VPhos,16.745,etoh
s3,A-paPhos,37.855,etoh
s3,CX-FBu,21.645,etoh
s3,CX-PCy,44.27,etoh
s3,Cy-BippyPhos,27.755000000000003,etoh
s3,Cy-JohnPhos,41.010000000000005,etoh
s3,Cy-PhenCar-Phos,47.48,etoh
s3,Cy-vBRIDP,18.49,etoh
s3,Kwong,26.96,etoh
s3,MeO-KITPHOS,44.805,etoh
s3,MePhos,21.425,etoh
s3,PCy3 HBF4,8.635,etoh
s3,Ph-DavePhos,47.105,etoh
s3,Ph-SPhos,30.915,etoh
s3,Ph-XPhos,31.32,etoh
s3,PMe3 HBF4,3.345,etoh
s3,P(o-Anis)3,19.0,etoh
s3,P(p-Anis)3,44.3,etoh
s3,P(p-F-Ph)3,37.195,etoh
s3,PPh2Cy,53.45,etoh
s3,PPh3,34.66,etoh
s3,PPhtBu2,3.075,etoh
s3,PXy3,48.645,etoh
s3,VPhos,28.635,etoh
s4,A-paPhos,0.54,etoh
s4,CX-FBu,5.13,etoh
s4,CX-PCy,0.41,etoh
s4,Cy-BippyPhos,0.28,etoh
s4,Cy-JohnPhos,0.28,etoh
s4,Cy-PhenCar-Phos,3.43,etoh
s4,Cy-vBRIDP,0.0,etoh
s4,Kwong,0.54,etoh
s4,MeO-KITPHOS,1.07,etoh
s4,MePhos,0.15,etoh
s4,PCy3 HBF4,0.67,etoh
s4,Ph-DavePhos,0.67,etoh
s4,Ph-SPhos,4.47,etoh
s4,Ph-XPhos,0.0,etoh
s4,PMe3 HBF4,7.75,etoh
s4,P(o-Anis)3,1.2,etoh
s4,P(p-Anis)3,0.94,etoh
s4,P(p-F-Ph)3,0.54,etoh
s4,PPh2Cy,14.7,etoh
s4,PPh3,0.15,etoh
s4,PPhtBu2,0.0,etoh
s4,PXy3,0.0,etoh
s4,VPhos,0.0,etoh
s5,A-paPhos,76.785,etoh
s5,CX-FBu,0.415,etoh
s5,CX-PCy,0.1,etoh
s5,Cy-BippyPhos,0.0,etoh
s5,Cy-JohnPhos,17.419999999999998,etoh
s5,Cy-PhenCar-Phos,0.0,etoh
s5,Cy-vBRIDP,27.34,etoh
s5,Kwong,0.0,etoh
s5,MeO-KITPHOS,9.71,etoh
s5,MePhos,6.715,etoh
s5,PCy3 HBF4,17.104999999999997,etoh
s5,Ph-DavePhos,4.825,etoh
s5,Ph-SPhos,0.0999999999999999,etoh
s5,Ph-XPhos,0.0,etoh
s5,PMe3 HBF4,0.0,etoh
s5,P(o-Anis)3,0.89,etoh
s5,P(p-Anis)3,75.525,etoh
s5,P(p-F-Ph)3,53.8,etoh
s5,PPh2Cy,78.205,etoh
s5,PPh3,69.855,etoh
s5,PPhtBu2,0.0,etoh
s5,PXy3,75.365,etoh
s5,VPhos,0.0,etoh
s6,A-paPhos,76.91,etoh
s6,CX-FBu,15.25,etoh
s6,CX-PCy,62.870000000000005,etoh
s6,Cy-BippyPhos,18.43,etoh
s6,Cy-JohnPhos,78.93,etoh
s6,Cy-PhenCar-Phos,13.765,etoh
s6,Cy-vBRIDP,69.275,etoh
s6,Kwong,12.420000000000002,etoh
s6,MeO-KITPHOS,65.875,etoh
s6,MePhos,49.72,etoh
s6,PCy3 HBF4,54.25,etoh
s6,Ph-DavePhos,29.18,etoh
s6,Ph-SPhos,47.105,etoh
s6,Ph-XPhos,23.950000000000003,etoh
s6,PMe3 HBF4,4.955,etoh
s6,P(o-Anis)3,46.22,etoh
s6,P(p-Anis)3,77.655,etoh
s6,P(p-F-Ph)3,60.79,etoh
s6,PPh2Cy,68.53,etoh
s6,PPh3,68.245,etoh
s6,PPhtBu2,4.955,etoh
s6,PXy3,76.77,etoh
s6,VPhos,11.535,etoh
s7,A-paPhos,29.35,etoh
s7,CX-FBu,20.02,etoh
s7,CX-PCy,6.03,etoh
s7,Cy-BippyPhos,29.35,etoh
s7,Cy-JohnPhos,75.98,etoh
s7,Cy-PhenCar-Phos,57.33,etoh
s7,Cy-vBRIDP,61.99,etoh
s7,Kwong,24.68,etoh
s7,MeO-KITPHOS,34.01,etoh
s7,MePhos,61.99,etoh
s7,PCy3 HBF4,6.03,etoh
s7,Ph-DavePhos,66.65,etoh
s7,Ph-SPhos,66.65,etoh
s7,Ph-XPhos,24.68,etoh
s7,PMe3 HBF4,24.68,etoh
s7,P(o-Anis)3,10.69,etoh
s7,P(p-Anis)3,57.33,etoh
s7,P(p-F-Ph)3,48.0,etoh
s7,PPh2Cy,48.0,etoh
s7,PPh3,1.37,etoh
s7,PPhtBu2,6.03,etoh
s7,PXy3,20.02,etoh
s7,VPhos,6.03,etoh
s8,A-paPhos,64.0,etoh
s8,CX-FBu,37.555,etoh
s8,CX-PCy,95.43,etoh
s8,Cy-BippyPhos,98.505,etoh
s8,Cy-JohnPhos,85.59,etoh
s8,Cy-PhenCar-Phos,73.35499999999999,etoh
s8,Cy-vBRIDP,82.315,etoh
s8,Kwong,73.58,etoh
s8,MeO-KITPHOS,93.5,etoh
s8,MePhos,78.515,etoh
s8,PCy3 HBF4,29.07,etoh
s8,Ph-DavePhos,78.31,etoh
s8,Ph-SPhos,73.685,etoh
s8,Ph-XPhos,65.605,etoh
s8,PMe3 HBF4,41.46,etoh
s8,P(o-Anis)3,67.275,etoh
s8,P(p-Anis)3,90.12,etoh
s8,P(p-F-Ph)3,81.69,etoh
s8,PPh2Cy,92.25,etoh
s8,PPh3,79.66499999999999,etoh
s8,PPhtBu2,40.78,etoh
s8,PXy3,84.86500000000001,etoh
s8,VPhos,64.725,etoh
s9,A-paPhos,54.120000000000005,etoh
s9,CX-FBu,51.77,etoh
s9,CX-PCy,70.82,etoh
s9,Cy-BippyPhos,73.16999999999999,etoh
s9,Cy-JohnPhos,66.06,etoh
s9,Cy-PhenCar-Phos,68.405,etoh
s9,Cy-vBRIDP,56.465,etoh
s9,Kwong,61.295,etoh
s9,MeO-KITPHOS,66.06,etoh
s9,MePhos,49.35,etoh
s9,PCy3 HBF4,49.35,etoh
s9,Ph-DavePhos,66.06,etoh
s9,Ph-SPhos,63.645,etoh
s9,Ph-XPhos,44.59,etoh
s9,PMe3 HBF4,23.125,etoh
s9,P(o-Anis)3,80.28,etoh
s9,P(p-Anis)3,54.120000000000005,etoh
s9,P(p-F-Ph)3,89.805,etoh
s9,PPh2Cy,56.465,etoh
s9,PPh3,87.46000000000001,etoh
s9,PPhtBu2,25.54,etoh
s9,PXy3,77.935,etoh
s9,VPhos,35.065,etoh
s10,A-paPhos,31.885,etoh
s10,CX-FBu,25.995,etoh
s10,CX-PCy,67.46000000000001,etoh
s10,Cy-BippyPhos,51.485,etoh
s10,Cy-JohnPhos,69.02,etoh
s10,Cy-PhenCar-Phos,55.86,etoh
s10,Cy-vBRIDP,50.98,etoh
s10,Kwong,50.24,etoh
s10,MeO-KITPHOS,61.355,etoh
s10,MePhos,46.805,etoh
s10,PCy3 HBF4,18.79,etoh
s10,Ph-DavePhos,46.775,etoh
s10,Ph-SPhos,46.785,etoh
s10,Ph-XPhos,46.645,etoh
s10,PMe3 HBF4,9.21,etoh
s10,P(o-Anis)3,11.95,etoh
s10,P(p-Anis)3,34.075,etoh
s10,P(p-F-Ph)3,62.165,etoh
s10,PPh2Cy,64.315,etoh
s10,PPh3,40.735,etoh
s10,PPhtBu2,10.525,etoh
s10,PXy3,23.56,etoh
s10,VPhos,55.465,etoh
s11,A-paPhos,94.76,etoh
s11,CX-FBu,24.33,etoh
s11,CX-PCy,51.16,etoh
s11,Cy-BippyPhos,69.6,etoh
s11,Cy-JohnPhos,90.84,etoh
s11,Cy-PhenCar-Phos,80.78,etoh
s11,Cy-vBRIDP,78.55,etoh
s11,Kwong,71.84,etoh
s11,MeO-KITPHOS,74.63,etoh
s11,MePhos,67.93,etoh
s11,PCy3 HBF4,3.09,etoh
s11,Ph-DavePhos,45.01,etoh
s11,Ph-SPhos,77.43,etoh
s11,Ph-XPhos,9.79,etoh
s11,PMe3 HBF4,2.53,etoh
s11,P(o-Anis)3,22.09,etoh
s11,P(p-Anis)3,93.64,etoh
s11,P(p-F-Ph)3,95.32,etoh
s11,PPh2Cy,46.13,etoh
s11,PPh3,79.11,etoh
s11,PPhtBu2,2.53,etoh
s11,PXy3,4.2,etoh
s11,VPhos,34.39,etoh
s12,A-paPhos,38.344,etoh
s12,CX-FBu,26.78075,etoh
s12,CX-PCy,70.2225,etoh
s12,Cy-BippyPhos,68.65525,etoh
s12,Cy-JohnPhos,77.795,etoh
s12,Cy-PhenCar-Phos,66.34450000000001,etoh
s12,Cy-vBRIDP,50.88175000000001,etoh
s12,Kwong,40.98675,etoh
s12,MeO-KITPHOS,64.187,etoh
s12,MePhos,58.371,etoh
s12,PCy3 HBF4,16.635,etoh
s12,Ph-DavePhos,27.18025,etoh
s12,Ph-SPhos,38.68225,etoh
s12,Ph-XPhos,31.39925,etoh
s12,PMe3 HBF4,21.297,etoh
s12,P(o-Anis)3,28.58075,etoh
s12,P(p-Anis)3,38.1865,etoh
s12,P(p-F-Ph)3,48.2995,etoh
s12,PPh2Cy,56.51350000000001,etoh
s12,PPh3,43.225750000000005,etoh
s12,PPhtBu2,11.22175,etoh
s12,PXy3,42.93,etoh
s12,VPhos,50.154,etoh
s13,A-paPhos,38.38,etoh
s13,CX-FBu,19.02,etoh
s13,CX-PCy,37.61,etoh
s13,Cy-BippyPhos,11.91,etoh
s13,Cy-JohnPhos,34.55,etoh
s13,Cy-PhenCar-Phos,30.835,etoh
s13,Cy-vBRIDP,24.14,etoh
s13,Kwong,18.635,etoh
s13,MeO-KITPHOS,30.065,etoh
s13,MePhos,30.880000000000003,etoh
s13,PCy3 HBF4,17.07,etoh
s13,Ph-DavePhos,25.31,etoh
s13,Ph-SPhos,24.545,etoh
s13,Ph-XPhos,27.28,etoh
s13,PMe3 HBF4,13.495,etoh
s13,P(o-Anis)3,14.285,etoh
s13,P(p-Anis)3,36.16,etoh
s13,P(p-F-Ph)3,43.61,etoh
s13,PPh2Cy,29.32,etoh
s13,PPh3,43.995000000000005,etoh
s13,PPhtBu2,13.45,etoh
s13,PXy3,29.705,etoh
s13,VPhos,20.605,etoh
s14,A-paPhos,77.09,etoh
s14,CX-FBu,57.745000000000005,etoh
s14,CX-PCy,75.16,etoh
s14,Cy-BippyPhos,68.2,etoh
s14,Cy-JohnPhos,74.3,etoh
s14,Cy-PhenCar-Phos,64.56,etoh
s14,Cy-vBRIDP,65.94,etoh
s14,Kwong,61.77,etoh
s14,MeO-KITPHOS,44.525000000000006,etoh
s14,MePhos,59.32,etoh
s14,PCy3 HBF4,51.98,etoh
s14,Ph-DavePhos,74.31,etoh
s14,Ph-SPhos,58.62,etoh
s14,Ph-XPhos,50.620000000000005,etoh
s14,PMe3 HBF4,14.39,etoh
s14,P(o-Anis)3,76.04,etoh
s14,P(p-Anis)3,75.175,etoh
s14,P(p-F-Ph)3,79.88499999999999,etoh
s14,PPh2Cy,78.13499999999999,etoh
s14,PPh3,79.51,etoh
s14,PPhtBu2,14.739999999999998,etoh
s14,PXy3,78.66,etoh
s14,VPhos,49.045,etoh
s15,A-paPhos,68.63,etoh
s15,CX-FBu,44.98,etoh
s15,CX-PCy,50.58,etoh
s15,Cy-BippyPhos,22.57,etoh
s15,Cy-JohnPhos,51.2,etoh
s15,Cy-PhenCar-Phos,27.55,etoh
s15,Cy-vBRIDP,59.3,etoh
s15,Kwong,26.31,etoh
s15,MeO-KITPHOS,48.72,etoh
s15,MePhos,43.74,etoh
s15,PCy3 HBF4,52.45,etoh
s15,Ph-DavePhos,48.09,etoh
s15,Ph-SPhos,38.13,etoh
s15,Ph-XPhos,21.33,etoh
s15,PMe3 HBF4,16.97,etoh
s15,P(o-Anis)3,52.45,etoh
s15,P(p-Anis)3,68.63,etoh
s15,P(p-F-Ph)3,61.16,etoh
s15,PPh2Cy,69.26,etoh
s15,PPh3,63.65,etoh
s15,PPhtBu2,16.97,etoh
s15,PXy3,67.39,etoh
s15,VPhos,23.82,etoh
s16,Cy-JohnPhos,30.96,etoh
s16,Ph-SPhos,31.63,etoh
s16,Cy-BippyPhos,21.23,etoh
s16,MeO-KITPHOS,28.75,etoh
s16,MePhos,33.6,etoh
s16,Kwong,23.57,etoh
s16,Cy-PhenCar-Phos,24.54,etoh
s16,Ph-XPhos,23.23,etoh
s16,VPhos,21.32,etoh
s16,Ph-DavePhos,36.34,etoh
s16,PPhtBu2,21.57,etoh
s16,P(p-Anis)3,61.45,etoh
s16,A-paPhos,58.98,etoh
s16,PXy3,59.97,etoh
s16,PMe3 HBF4,44.81,etoh
s16,CX-PCy,39.26,etoh
s16,CX-FBu,39.19,etoh
s16,PPh2Cy,53.05,etoh
s16,P(p-F-Ph)3,25.89,etoh
s16,PCy3 HBF4,19.71,etoh
s16,Cy-vBRIDP,27.32,etoh
s16,P(o-Anis)3,41.44,etoh
s16,PPh3,49.05,etoh
s17,Cy-JohnPhos,87.16353978,etoh
s17,Ph-SPhos,83.7444036,etoh
s17,Cy-BippyPhos,71.98238073,etoh
s17,MeO-KITPHOS,94.40576803,etoh
s17,MePhos,76.39481089,etoh
s17,Kwong,54.96057307,etoh
s17,Cy-PhenCar-Phos,40.16896174,etoh
s17,Ph-XPhos,51.7982759,etoh
s17,VPhos,40.78795513,etoh
s17,Ph-DavePhos,70.67606565,etoh
s17,PPhtBu2,48.99236465,etoh
s17,P(p-Anis)3,96.74581606,etoh
s17,A-paPhos,92.78128928,etoh
s17,PXy3,90.60885484,etoh
s17,PMe3 HBF4,64.53075477,etoh
s17,CX-PCy,63.91672217,etoh
s17,CX-FBu,59.50438115,etoh
s17,PPh2Cy,73.73904989,etoh
s17,P(p-F-Ph)3,94.75405298,etoh
s17,PCy3 HBF4,35.72973607,etoh
s17,Cy-vBRIDP,57.17092587,etoh
s17,P(o-Anis)3,59.48417523,etoh
s17,PPh3,71.97193317,etoh
s18,Cy-JohnPhos,95.25,etoh
s18,Ph-SPhos,43.77,etoh
s18,Cy-BippyPhos,56.83,etoh
s18,MeO-KITPHOS,77.15,etoh
s18,MePhos,72.26,etoh
s18,Kwong,46.29,etoh
s18,Cy-PhenCar-Phos,75.07,etoh
s18,Ph-XPhos,32.94,etoh
s18,VPhos,62.02,etoh
s18,Ph-DavePhos,27.3,etoh
s18,PPhtBu2,1.48,etoh
s18,P(p-Anis)3,53.71,etoh
s18,A-paPhos,38.13,etoh
s18,PXy3,39.17,etoh
s18,PMe3 HBF4,10.68,etoh
s18,CX-PCy,69.88,etoh
s18,CX-FBu,23.29,etoh
s18,PPh2Cy,76.85,etoh
s18,P(p-F-Ph)3,61.72,etoh
s18,PCy3 HBF4,5.19,etoh
s18,Cy-vBRIDP,82.64,etoh
s18,P(o-Anis)3,7.12,etoh
s18,PPh3,46.59,etoh
s19,Cy-JohnPhos,100.0,etoh
s19,Ph-SPhos,64.82907299045272,etoh
s19,Cy-BippyPhos,61.8325100092393,etoh
s19,MeO-KITPHOS,53.729128426239605,etoh
s19,MePhos,40.93394518016631,etoh
s19,Kwong,43.27632891900216,etoh
s19,Cy-PhenCar-Phos,71.13170311056359,etoh
s19,Ph-XPhos,32.232657838004314,etoh
s19,VPhos,23.074148444718205,etoh
s19,Ph-DavePhos,55.19927317523868,etoh
s19,PPhtBu2,16.975509701262702,etoh
s19,P(p-Anis)3,50.577813366184174,etoh
s19,A-paPhos,70.73778872805667,etoh
s19,PXy3,36.833015090853095,etoh
s19,PMe3 HBF4,33.39329842931937,etoh
s19,CX-PCy,68.74711425931629,etoh
s19,CX-FBu,31.409658145980902,etoh
s19,PPh2Cy,53.30004311672313,etoh
s19,P(p-F-Ph)3,70.40014782876503,etoh
s19,PCy3 HBF4,8.64,etoh
s19,Cy-vBRIDP,37.81780104712042,etoh
s19,P(o-Anis)3,60.40457037265168,etoh
s19,PPh3,55.90269171542963,etoh
s20,Cy-JohnPhos,69.11,etoh
s20,Ph-SPhos,43.46,etoh
s20,Cy-BippyPhos,38.05,etoh
s20,MeO-KITPHOS,49.71,etoh
s20,MePhos,51.39,etoh
s20,Kwong,44.21,etoh
s20,Cy-PhenCar-Phos,51.67,etoh
s20,Ph-XPhos,32.36,etoh
s20,VPhos,43.84,etoh
s20,Ph-DavePhos,43.56,etoh
s20,PPhtBu2,28.17,etoh
s20,P(p-Anis)3,64.54,etoh
s20,A-paPhos,36.65,etoh
s20,PXy3,63.8,etoh
s20,PMe3 HBF4,47.75,etoh
s20,CX-PCy,62.21,etoh
s20,CX-FBu,15.95,etoh
s20,PPh2Cy,52.42,etoh
s20,P(p-F-Ph)3,49.9,etoh
s20,PCy3 HBF4,22.01,etoh
s20,Cy-vBRIDP,61.84,etoh
s20,P(o-Anis)3,55.22,etoh
s20,PPh3,68.83,etoh
s21,Cy-JohnPhos,68.03,etoh
s21,Ph-SPhos,44.07,etoh
s21,Cy-BippyPhos,32.29,etoh
s21,MeO-KITPHOS,67.65,etoh
s21,MePhos,51.38,etoh
s21,Kwong,41.89,etoh
s21,Cy-PhenCar-Phos,51.89,etoh
s21,Ph-XPhos,44.71,etoh
s21,VPhos,86.48,etoh
s21,Ph-DavePhos,57.27,etoh
s21,PPhtBu2,1.79,etoh
s21,P(p-Anis)3,68.8,etoh
s21,A-paPhos,41.13,etoh
s21,PXy3,16.14,etoh
s21,PMe3 HBF4,24.21,etoh
s21,CX-PCy,10.38,etoh
s21,CX-FBu,35.75,etoh
s21,PPh2Cy,77.51,etoh
s21,P(p-F-Ph)3,44.07,etoh
s21,PCy3 HBF4,3.97,etoh
s21,Cy-vBRIDP,47.66,etoh
s21,P(o-Anis)3,23.32,etoh
s21,PPh3,58.81,etoh
s22,Cy-JohnPhos,70.74,etoh
s22,Ph-SPhos,56.06,etoh
s22,Cy-BippyPhos,47.77,etoh
s22,MeO-KITPHOS,46.14,etoh
s22,MePhos,42.37,etoh
s22,Kwong,34.29,etoh
s22,Cy-PhenCar-Phos,63.48,etoh
s22,Ph-XPhos,37.01,etoh
s22,VPhos,24.86,etoh
s22,Ph-DavePhos,62.32,etoh
s22,PPhtBu2,19.83,etoh
s22,P(p-Anis)3,59.44,etoh
s22,A-paPhos,64.84,etoh
s22,PXy3,12.86,etoh
s22,PMe3 HBF4,50.63,etoh
s22,CX-PCy,65.1,etoh
s22,CX-FBu,25.08,etoh
s22,PPh2Cy,40.74,etoh
s22,P(p-F-Ph)3,78.82,etoh
s22,PCy3 HBF4,7.41,etoh
s22,Cy-vBRIDP,42.4,etoh
s22,P(o-Anis)3,48.34,etoh
s22,PPh3,73.24,etoh
s23,Cy-JohnPhos,49.21,etoh
s23,Ph-SPhos,38.09,etoh
s23,Cy-BippyPhos,35.79,etoh
s23,MeO-KITPHOS,48.64,etoh
s23,MePhos,43.9,etoh
s23,Kwong,23.33,etoh
s23,Cy-PhenCar-Phos,42.3,etoh
s23,Ph-XPhos,27.76,etoh
s23,VPhos,21.19,etoh
s23,Ph-DavePhos,41.03,etoh
s23,PPhtBu2,4.1,etoh
s23,P(p-Anis)3,43.33,etoh
s23,A-paPhos,39.34,etoh
s23,PXy3,46.21,etoh
s23,PMe3 HBF4,35.83,etoh
s23,CX-PCy,48.87,etoh
s23,CX-FBu,27.73,etoh
s23,PPh2Cy,36.46,etoh
s23,P(p-F-Ph)3,44.77,etoh
s23,PCy3 HBF4,8.12,etoh
s23,Cy-vBRIDP,39.42,etoh
s23,P(o-Anis)3,40.06,etoh
s23,PPh3,46.08,etoh
s24,Cy-JohnPhos,80.44,etoh
s24,Ph-SPhos,31.31,etoh
s24,Cy-BippyPhos,37.77,etoh
s24,MeO-KITPHOS,45.05,etoh
s24,MePhos,62.87,etoh
s24,Kwong,35.26,etoh
s24,Cy-PhenCar-Phos,50.93,etoh
s24,Ph-XPhos,24.67,etoh
s24,VPhos,64.97,etoh
s24,Ph-DavePhos,30.78,etoh
s24,PPhtBu2,0.0,etoh
s24,P(p-Anis)3,55.52,etoh
s24,A-paPhos,42.84,etoh
s24,PXy3,8.89,etoh
s24,PMe3 HBF4,15.84,etoh
s24,CX-PCy,52.53,etoh
s24,CX-FBu,15.39,etoh
s24,PPh2Cy,49.17,etoh
s24,P(p-F-Ph)3,56.21,etoh
s24,PCy3 HBF4,6.55,etoh
s24,Cy-vBRIDP,52.66,etoh
s24,P(o-Anis)3,24.56,etoh
s24,PPh3,27.36,etoh
s25,Cy-JohnPhos,73.75,etoh
s25,Ph-SPhos,47.63,etoh
s25,Cy-BippyPhos,59.95,etoh
s25,MeO-KITPHOS,73.05,etoh
s25,MePhos,60.78,etoh
s25,Kwong,56.33,etoh
s25,Cy-PhenCar-Phos,69.06,etoh
s25,Ph-XPhos,60.99,etoh
s25,VPhos,73.09,etoh
s25,Ph-DavePhos,53.93,etoh
s25,PPhtBu2,0.0,etoh
s25,P(p-Anis)3,78.4,etoh
s25,A-paPhos,56.31,etoh
s25,PXy3,61.51,etoh
s25,PMe3 HBF4,48.48,etoh
s25,CX-PCy,76.19,etoh
s25,CX-FBu,46.97,etoh
s25,PPh2Cy,80.79,etoh
s25,P(p-F-Ph)3,71.85,etoh
s25,PCy3 HBF4,0.0,etoh
s25,Cy-vBRIDP,50.35,etoh
s25,P(o-Anis)3,62.07,etoh
s25,PPh3,57.73,etoh
s26,Cy-JohnPhos,31.23,etoh
s26,Ph-SPhos,22.45,etoh
s26,Cy-BippyPhos,12.32,etoh
s26,MeO-KITPHOS,19.23,etoh
s26,MePhos,25.75,etoh
s26,Kwong,12.14,etoh
s26,Cy-PhenCar-Phos,13.66,etoh
s26,Ph-XPhos,14.01,etoh
s26,VPhos,11.62,etoh
s26,Ph-DavePhos,29.66,etoh
s26,PPhtBu2,12.22,etoh
s26,P(p-Anis)3,67.05,etoh
s26,A-paPhos,72.37,etoh
s26,PXy3,65.99,etoh
s26,PMe3 HBF4,38.52,etoh
s26,CX-PCy,31.57,etoh
s26,CX-FBu,33.78,etoh
s26,PPh2Cy,70.27,etoh
s26,P(p-F-Ph)3,20.49,etoh
s26,PCy3 HBF4,17.55,etoh
s26,Cy-vBRIDP,26.09,etoh
s26,P(o-Anis)3,29.59,etoh
s26,PPh3,50.37,etoh
s27,Cy-JohnPhos,3.85,etoh
s27,Ph-SPhos,0.0,etoh
s27,Cy-BippyPhos,2.94,etoh
s27,MeO-KITPHOS,2.14,etoh
s27,MePhos,2.99,etoh
s27,Kwong,2.7,etoh
s27,Cy-PhenCar-Phos,0.0,etoh
s27,Ph-XPhos,2.65,etoh
s27,VPhos,2.05,etoh
s27,Ph-DavePhos,2.65,etoh
s27,PPhtBu2,2.3,etoh
s27,P(p-Anis)3,4.12,etoh
s27,A-paPhos,3.52,etoh
s27,PXy3,3.85,etoh
s27,PMe3 HBF4,3.16,etoh
s27,CX-PCy,4.2,etoh
s27,CX-FBu,2.52,etoh
s27,PPh2Cy,4.93,etoh
s27,P(p-F-Ph)3,4.46,etoh
s27,PCy3 HBF4,5.55,etoh
s27,Cy-vBRIDP,2.98,etoh
s27,P(o-Anis)3,3.09,etoh
s27,PPh3,4.21,etoh
s28,Cy-JohnPhos,57.28,etoh
s28,Ph-SPhos,34.77,etoh
s28,Cy-BippyPhos,32.66,etoh
s28,MeO-KITPHOS,45.05,etoh
s28,MePhos,48.55,etoh
s28,Kwong,35.16,etoh
s28,Cy-PhenCar-Phos,40.66,etoh
s28,Ph-XPhos,31.26,etoh
s28,VPhos,44.94,etoh
s28,Ph-DavePhos,41.27,etoh
s28,PPhtBu2,10.08,etoh
s28,P(p-Anis)3,53.43,etoh
s28,A-paPhos,55.58,etoh
s28,PXy3,49.85,etoh
s28,PMe3 HBF4,10.09,etoh
s28,CX-PCy,47.42,etoh
s28,CX-FBu,23.5,etoh
s28,PPh2Cy,52.84,etoh
s28,P(p-F-Ph)3,52.54,etoh
s28,PCy3 HBF4,10.36,etoh
s28,Cy-vBRIDP,28.24,etoh
s28,P(o-Anis)3,19.65,etoh
s28,PPh3,52.39,etoh
s29,Cy-JohnPhos,69.34,etoh
s29,Ph-SPhos,25.67,etoh
s29,Cy-BippyPhos,43.08,etoh
s29,MeO-KITPHOS,53.96,etoh
s29,MePhos,62.46,etoh
s29,Kwong,40.82,etoh
s29,Cy-PhenCar-Phos,62.26,etoh
s29,Ph-XPhos,13.64,etoh
s29,VPhos,71.88,etoh
s29,Ph-DavePhos,19.65,etoh
s29,PPhtBu2,8.75,etoh
s29,P(p-Anis)3,29.89,etoh
s29,A-paPhos,25.28,etoh
s29,PXy3,24.75,etoh
s29,PMe3 HBF4,7.31,etoh
s29,CX-PCy,35.08,etoh
s29,CX-FBu,26.02,etoh
s29,PPh2Cy,49.35,etoh
s29,P(p-F-Ph)3,48.63,etoh
s29,PCy3 HBF4,5.74,etoh
s29,Cy-vBRIDP,24.77,etoh
s29,P(o-Anis)3,13.91,etoh
s29,PPh3,22.32,etoh
s30,Cy-JohnPhos,66.11,etoh
s30,Ph-SPhos,24.65,etoh
s30,Cy-BippyPhos,37.72,etoh
s30,MeO-KITPHOS,45.55,etoh
s30,MePhos,59.07,etoh
s30,Kwong,33.84,etoh
s30,Cy-PhenCar-Phos,56.04,etoh
s30,Ph-XPhos,15.33,etoh
s30,VPhos,68.04,etoh
s30,Ph-DavePhos,19.45,etoh
s30,PPhtBu2,5.8,etoh
s30,P(p-Anis)3,35.18,etoh
s30,A-paPhos,27.96,etoh
s30,PXy3,29.69,etoh
s30,PMe3 HBF4,4.05,etoh
s30,CX-PCy,36.2,etoh
s30,CX-FBu,22.81,etoh
s30,PPh2Cy,54.24,etoh
s30,P(p-F-Ph)3,38.34,etoh
s30,PCy3 HBF4,6.5,etoh
s30,Cy-vBRIDP,16.79,etoh
s30,P(o-Anis)3,15.05,etoh
s30,PPh3,33.28,etoh
s31,Cy-JohnPhos,91.324488664007,etoh
s31,Ph-SPhos,77.73677435049139,etoh
s31,Cy-BippyPhos,61.72462099834582,etoh
s31,MeO-KITPHOS,88.85481755376082,etoh
s31,MePhos,80.48688430475819,etoh
s31,Kwong,68.90747397100321,etoh
s31,Cy-PhenCar-Phos,91.08023547727936,etoh
s31,Ph-XPhos,68.54561739807336,etoh
s31,VPhos,91.05309623430962,etoh
s31,Ph-DavePhos,60.032941519898806,etoh
s31,PPhtBu2,24.163908728228083,etoh
s31,P(p-Anis)3,91.5958810937044,etoh
s31,A-paPhos,93.22423567188868,etoh
s31,PXy3,84.57586357886544,etoh
s31,PMe3 HBF4,25.07759657487594,etoh
s31,CX-PCy,88.25775420842658,etoh
s31,CX-FBu,56.93906782134864,etoh
s31,PPh2Cy,92.22008368200837,etoh
s31,P(p-F-Ph)3,90.37461516006616,etoh
s31,PCy3 HBF4,27.33015374136421,etoh
s31,Cy-vBRIDP,32.12475333268464,etoh
s31,P(o-Anis)3,27.42061788459668,etoh
s31,PPh3,95.34109662352829,etoh
s32,Cy-JohnPhos,94.1805964715766,etoh
s32,Ph-SPhos,87.62641977037244,etoh
s32,Cy-BippyPhos,86.30382805936712,etoh
s32,MeO-KITPHOS,93.77892047045646,etoh
s32,MePhos,82.87488658639036,etoh
s32,Kwong,80.58239428731447,etoh
s32,Cy-PhenCar-Phos,83.65864463735647,etoh
s32,Ph-XPhos,81.67965555866704,etoh
s32,VPhos,68.16962615513862,etoh
s32,Ph-DavePhos,88.26322318678241,etoh
s32,PPhtBu2,30.03,etoh
s32,P(p-Anis)3,96.12039764771772,etoh
s32,A-paPhos,95.8754732567908,etoh
s32,PXy3,93.5046051526183,etoh
s32,PMe3 HBF4,36.80950714085691,etoh
s32,CX-PCy,92.16241949033883,etoh
s32,CX-FBu,69.30607532903949,etoh
s32,PPh2Cy,98.36390506860825,etoh
s32,P(p-F-Ph)3,100.0,etoh
s32,PCy3 HBF4,53.21944133295996,etoh
s32,Cy-vBRIDP,44.08866003920471,etoh
s32,P(o-Anis)3,77.99599271912629,etoh
s32,PPh3,96.01263091570988,etoh
s33,Cy-JohnPhos,84.4,etoh
s33,Ph-SPhos,29.73,etoh
s33,Cy-BippyPhos,47.51,etoh
s33,MeO-KITPHOS,67.38,etoh
s33,MePhos,85.41,etoh
s33,Kwong,58.53,etoh
s33,Cy-PhenCar-Phos,68.53,etoh
s33,Ph-XPhos,34.33,etoh
s33,VPhos,55.37,etoh
s33,Ph-DavePhos,63.05,etoh
s33,PPhtBu2,20.79,etoh
s33,P(p-Anis)3,78.78,etoh
s33,A-paPhos,89.16,etoh
s33,PXy3,97.15,etoh
s33,PMe3 HBF4,23.36,etoh
s33,CX-PCy,57.87,etoh
s33,CX-FBu,19.56,etoh
s33,PPh2Cy,93.6,etoh
s33,P(p-F-Ph)3,88.61,etoh
s33,PCy3 HBF4,23.26,etoh
s33,Cy-vBRIDP,64.54,etoh
s33,P(o-Anis)3,44.59,etoh
s33,PPh3,88.1,etoh
s1,A-paPhos,88.86,meoh
s1,CX-FBu,54.07,meoh
s1,CX-PCy,74.99,meoh
s1,Cy-BippyPhos,82.92,meoh
s1,Cy-JohnPhos,80.25,meoh
s1,Cy-PhenCar-Phos,76.65,meoh
s1,Cy-vBRIDP,53.73,meoh
s1,Kwong,81.83,meoh
s1,MeO-KITPHOS,86.58,meoh
s1,MePhos,42.08,meoh
s1,PCy3 HBF4,12.16,meoh
s1,Ph-DavePhos,81.79,meoh
s1,Ph-SPhos,18.23,meoh
s1,Ph-XPhos,6.73,meoh
s1,PMe3 HBF4,0.82,meoh
s1,P(o-Anis)3,30.4,meoh
s1,P(p-Anis)3,88.21,meoh
s1,P(p-F-Ph)3,87.76,meoh
s1,PPh2Cy,89.66,meoh
s1,PPh3,17.72,meoh
s1,PPhtBu2,0.0,meoh
s1,PXy3,19.74,meoh
s1,VPhos,5.66,meoh
s2,A-paPhos,48.175,meoh
s2,CX-FBu,22.925,meoh
s2,CX-PCy,70.33500000000001,meoh
s2,Cy-BippyPhos,73.775,meoh
s2,Cy-JohnPhos,55.42,meoh
s2,Cy-PhenCar-Phos,56.34,meoh
s2,Cy-vBRIDP,23.12,meoh
s2,Kwong,52.120000000000005,meoh
s2,MeO-KITPHOS,46.78,meoh
s2,MePhos,15.305,meoh
s2,PCy3 HBF4,26.43,meoh
s2,Ph-DavePhos,69.875,meoh
s2,Ph-SPhos,58.855,meoh
s2,Ph-XPhos,13.31,meoh
s2,PMe3 HBF4,19.16,meoh
s2,P(o-Anis)3,38.27,meoh
s2,P(p-Anis)3,53.74,meoh
s2,P(p-F-Ph)3,78.965,meoh
s2,PPh2Cy,42.605,meoh
s2,PPh3,68.275,meoh
s2,PPhtBu2,14.195,meoh
s2,PXy3,59.515,meoh
s2,VPhos,27.11,meoh
s3,A-paPhos,33.379999999999995,meoh
s3,CX-FBu,26.045,meoh
s3,CX-PCy,52.0,meoh
s3,Cy-BippyPhos,55.345,meoh
s3,Cy-JohnPhos,36.195,meoh
s3,Cy-PhenCar-Phos,49.33,meoh
s3,Cy-vBRIDP,7.33,meoh
s3,Kwong,28.095,meoh
s3,MeO-KITPHOS,59.38,meoh
s3,MePhos,9.8,meoh
s3,PCy3 HBF4,10.41,meoh
s3,Ph-DavePhos,48.265,meoh
s3,Ph-SPhos,25.57,meoh
s3,Ph-XPhos,20.18,meoh
s3,PMe3 HBF4,2.295,meoh
s3,P(o-Anis)3,34.845,meoh
s3,P(p-Anis)3,33.7,meoh
s3,P(p-F-Ph)3,39.205,meoh
s3,PPh2Cy,59.825,meoh
s3,PPh3,30.635,meoh
s3,PPhtBu2,2.335,meoh
s3,PXy3,20.04,meoh
s3,VPhos,16.439999999999998,meoh
s4,A-paPhos,2.64,meoh
s4,CX-FBu,6.7,meoh
s4,CX-PCy,1.46,meoh
s4,Cy-BippyPhos,4.34,meoh
s4,Cy-JohnPhos,2.77,meoh
s4,Cy-PhenCar-Phos,8.8,meoh
s4,Cy-vBRIDP,0.54,meoh
s4,Kwong,1.07,meoh
s4,MeO-KITPHOS,3.43,meoh
s4,MePhos,0.8,meoh
s4,PCy3 HBF4,1.46,meoh
s4,Ph-DavePhos,5.92,meoh
s4,Ph-SPhos,10.76,meoh
s4,Ph-XPhos,1.46,meoh
s4,PMe3 HBF4,8.41,meoh
s4,P(o-Anis)3,2.11,meoh
s4,P(p-Anis)3,2.38,meoh
s4,P(p-F-Ph)3,1.2,meoh
s4,PPh2Cy,9.19,meoh
s4,PPh3,1.98,meoh
s4,PPhtBu2,1.98,meoh
s4,PXy3,2.38,meoh
s4,VPhos,2.9,meoh
s5,A-paPhos,52.38,meoh
s5,CX-FBu,0.0,meoh
s5,CX-PCy,0.0,meoh
s5,Cy-BippyPhos,0.0,meoh
s5,Cy-JohnPhos,2.935,meoh
s5,Cy-PhenCar-Phos,0.0,meoh
s5,Cy-vBRIDP,3.25,meoh
s5,Kwong,0.0,meoh
s5,MeO-KITPHOS,1.515,meoh
s5,MePhos,0.255,meoh
s5,PCy3 HBF4,6.24,meoh
s5,Ph-DavePhos,0.255,meoh
s5,Ph-SPhos,0.0,meoh
s5,Ph-XPhos,0.0,meoh
s5,PMe3 HBF4,0.0,meoh
s5,P(o-Anis)3,0.0,meoh
s5,P(p-Anis)3,51.59,meoh
s5,P(p-F-Ph)3,56.475,meoh
s5,PPh2Cy,50.485,meoh
s5,PPh3,52.69,meoh
s5,PPhtBu2,0.0,meoh
s5,PXy3,51.115,meoh
s5,VPhos,0.0,meoh
s6,A-paPhos,75.67,meoh
s6,CX-FBu,19.915,meoh
s6,CX-PCy,39.75,meoh
s6,Cy-BippyPhos,20.06,meoh
s6,Cy-JohnPhos,69.095,meoh
s6,Cy-PhenCar-Phos,17.189999999999998,meoh
s6,Cy-vBRIDP,75.105,meoh
s6,Kwong,24.97,meoh
s6,MeO-KITPHOS,63.435,meoh
s6,MePhos,48.235,meoh
s6,PCy3 HBF4,47.39,meoh
s6,Ph-DavePhos,24.37,meoh
s6,Ph-SPhos,42.58,meoh
s6,Ph-XPhos,17.83,meoh
s6,PMe3 HBF4,9.59,meoh
s6,P(o-Anis)3,71.285,meoh
s6,P(p-Anis)3,77.475,meoh
s6,P(p-F-Ph)3,45.905,meoh
s6,PPh2Cy,41.375,meoh
s6,PPh3,62.625,meoh
s6,PPhtBu2,8.245000000000001,meoh
s6,PXy3,77.9,meoh
s6,VPhos,12.88,meoh
s7,A-paPhos,29.35,meoh
s7,CX-FBu,24.68,meoh
s7,CX-PCy,20.02,meoh
s7,Cy-BippyPhos,61.99,meoh
s7,Cy-JohnPhos,80.64,meoh
s7,Cy-PhenCar-Phos,71.32,meoh
s7,Cy-vBRIDP,34.01,meoh
s7,Kwong,43.34,meoh
s7,MeO-KITPHOS,61.99,meoh
s7,MePhos,38.67,meoh
s7,PCy3 HBF4,10.69,meoh
s7,Ph-DavePhos,100.0,meoh
s7,Ph-SPhos,100.0,meoh
s7,Ph-XPhos,24.68,meoh
s7,PMe3 HBF4,20.02,meoh
s7,P(o-Anis)3,15.36,meoh
s7,P(p-Anis)3,52.66,meoh
s7,P(p-F-Ph)3,57.33,meoh
s7,PPh2Cy,48.0,meoh
s7,PPh3,20.02,meoh
s7,PPhtBu2,6.03,meoh
s7,PXy3,24.68,meoh
s7,VPhos,24.68,meoh
s8,A-paPhos,49.265,meoh
s8,CX-FBu,50.265,meoh
s8,CX-PCy,85.59,meoh
s8,Cy-BippyPhos,84.28999999999999,meoh
s8,Cy-JohnPhos,88.245,meoh
s8,Cy-PhenCar-Phos,96.055,meoh
s8,Cy-vBRIDP,76.685,meoh
s8,Kwong,84.445,meoh
s8,MeO-KITPHOS,80.39,meoh
s8,MePhos,77.735,meoh
s8,PCy3 HBF4,24.44,meoh
s8,Ph-DavePhos,71.235,meoh
s8,Ph-SPhos,58.22,meoh
s8,Ph-XPhos,46.71,meoh
s8,PMe3 HBF4,45.260000000000005,meoh
s8,P(o-Anis)3,73.005,meoh
s8,P(p-Anis)3,70.03,meoh
s8,P(p-F-Ph)3,79.765,meoh
s8,PPh2Cy,90.27,meoh
s8,PPh3,45.260000000000005,meoh
s8,PPhtBu2,45.835,meoh
s8,PXy3,48.44,meoh
s8,VPhos,38.905,meoh
s9,A-paPhos,44.52,meoh
s9,CX-FBu,46.935,meoh
s9,CX-PCy,70.82,meoh
s9,Cy-BippyPhos,85.11,meoh
s9,Cy-JohnPhos,63.645,meoh
s9,Cy-PhenCar-Phos,75.585,meoh
s9,Cy-vBRIDP,54.120000000000005,meoh
s9,Kwong,75.585,meoh
s9,MeO-KITPHOS,65.99000000000001,meoh
s9,MePhos,66.06,meoh
s9,PCy3 HBF4,37.41,meoh
s9,Ph-DavePhos,61.295,meoh
s9,Ph-SPhos,61.295,meoh
s9,Ph-XPhos,39.825,meoh
s9,PMe3 HBF4,30.3,meoh
s9,P(o-Anis)3,70.82,meoh
s9,P(p-Anis)3,54.045,meoh
s9,P(p-F-Ph)3,70.82,meoh
s9,PPh2Cy,51.7,meoh
s9,PPh3,56.535,meoh
s9,PPhtBu2,25.54,meoh
s9,PXy3,70.82,meoh
s9,VPhos,47.005,meoh
s10,A-paPhos,37.7,meoh
s10,CX-FBu,29.205,meoh
s10,CX-PCy,76.875,meoh
s10,Cy-BippyPhos,71.94,meoh
s10,Cy-JohnPhos,67.025,meoh
s10,Cy-PhenCar-Phos,66.35,meoh
s10,Cy-vBRIDP,49.95,meoh
s10,Kwong,72.18,meoh
s10,MeO-KITPHOS,75.99000000000001,meoh
s10,MePhos,48.24,meoh
s10,PCy3 HBF4,28.325000000000003,meoh
s10,Ph-DavePhos,62.74,meoh
s10,Ph-SPhos,57.045,meoh
s10,Ph-XPhos,56.535,meoh
s10,PMe3 HBF4,7.02,meoh
s10,P(o-Anis)3,11.35,meoh
s10,P(p-Anis)3,43.75,meoh
s10,P(p-F-Ph)3,77.24,meoh
s10,PPh2Cy,61.32,meoh
s10,PPh3,46.78,meoh
s10,PPhtBu2,8.085,meoh
s10,PXy3,18.76,meoh
s10,VPhos,50.83,meoh
s11,A-paPhos,43.89,meoh
s11,CX-FBu,72.4,meoh
s11,CX-PCy,84.14,meoh
s11,Cy-BippyPhos,87.49,meoh
s11,Cy-JohnPhos,86.93,meoh
s11,Cy-PhenCar-Phos,79.11,meoh
s11,Cy-vBRIDP,71.28,meoh
s11,Kwong,89.17,meoh
s11,MeO-KITPHOS,85.25,meoh
s11,MePhos,56.19,meoh
s11,PCy3 HBF4,8.68,meoh
s11,Ph-DavePhos,75.19,meoh
s11,Ph-SPhos,90.84,meoh
s11,Ph-XPhos,22.09,meoh
s11,PMe3 HBF4,4.76,meoh
s11,P(o-Anis)3,37.74,meoh
s11,P(p-Anis)3,91.4,meoh
s11,P(p-F-Ph)3,53.95,meoh
s11,PPh2Cy,74.63,meoh
s11,PPh3,57.31,meoh
s11,PPhtBu2,3.65,meoh
s11,PXy3,67.37,meoh
s11,VPhos,28.8,meoh
s12,A-paPhos,30.09975,meoh
s12,CX-FBu,19.85425,meoh
s12,CX-PCy,58.3715,meoh
s12,Cy-BippyPhos,48.50775,meoh
s12,Cy-JohnPhos,58.91125000000001,meoh
s12,Cy-PhenCar-Phos,58.39175,meoh
s12,Cy-vBRIDP,43.05175,meoh
s12,Kwong,36.4115,meoh
s12,MeO-KITPHOS,16.829250000000002,meoh
s12,MePhos,43.33725,meoh
s12,PCy3 HBF4,21.2765,meoh
s12,Ph-DavePhos,20.75,meoh
s12,Ph-SPhos,19.62,meoh
s12,Ph-XPhos,26.09575,meoh
s12,PMe3 HBF4,27.164,meoh
s12,P(o-Anis)3,18.4805,meoh
s12,P(p-Anis)3,31.122,meoh
s12,P(p-F-Ph)3,37.699250000000006,meoh
s12,PPh2Cy,39.2995,meoh
s12,PPh3,29.087,meoh
s12,PPhtBu2,16.7915,meoh
s12,PXy3,23.52475,meoh
s12,VPhos,30.9035,meoh
s13,A-paPhos,61.91,meoh
s13,CX-FBu,16.775,meoh
s13,CX-PCy,54.325,meoh
s13,Cy-BippyPhos,20.675,meoh
s13,Cy-JohnPhos,55.48,meoh
s13,Cy-PhenCar-Phos,16.825000000000003,meoh
s13,Cy-vBRIDP,25.86,meoh
s13,Kwong,23.05,meoh
s13,MeO-KITPHOS,4.84,meoh
s13,MePhos,30.11,meoh
s13,PCy3 HBF4,29.795,meoh
s13,Ph-DavePhos,37.63,meoh
s13,Ph-SPhos,34.075,meoh
s13,Ph-XPhos,39.195,meoh
s13,PMe3 HBF4,16.775,meoh
s13,P(o-Anis)3,43.93,meoh
s13,P(p-Anis)3,64.245,meoh
s13,P(p-F-Ph)3,59.92,meoh
s13,PPh2Cy,55.91,meoh
s13,PPh3,47.53,meoh
s13,PPhtBu2,13.88,meoh
s13,PXy3,50.27,meoh
s13,VPhos,20.29,meoh
s14,A-paPhos,76.57,meoh
s14,CX-FBu,56.89,meoh
s14,CX-PCy,74.99000000000001,meoh
s14,Cy-BippyPhos,68.71000000000001,meoh
s14,Cy-JohnPhos,68.37,meoh
s14,Cy-PhenCar-Phos,68.195,meoh
s14,Cy-vBRIDP,54.975,meoh
s14,Kwong,71.16,meoh
s14,MeO-KITPHOS,69.065,meoh
s14,MePhos,52.015,meoh
s14,PCy3 HBF4,50.275,meoh
s14,Ph-DavePhos,65.75999999999999,meoh
s14,Ph-SPhos,62.615,meoh
s14,Ph-XPhos,47.3,meoh
s14,PMe3 HBF4,47.3,meoh
s14,P(o-Anis)3,71.155,meoh
s14,P(p-Anis)3,77.59,meoh
s14,P(p-F-Ph)3,80.735,meoh
s14,PPh2Cy,77.265,meoh
s14,PPh3,76.53,meoh
s14,PPhtBu2,15.435,meoh
s14,PXy3,71.68,meoh
s14,VPhos,50.095,meoh
s15,A-paPhos,71.12,meoh
s15,CX-FBu,41.87,meoh
s15,CX-PCy,43.11,meoh
s15,Cy-BippyPhos,14.48,meoh
s15,Cy-JohnPhos,44.36,meoh
s15,Cy-PhenCar-Phos,19.46,meoh
s15,Cy-vBRIDP,49.34,meoh
s15,Kwong,21.95,meoh
s15,MeO-KITPHOS,39.38,meoh
s15,MePhos,35.64,meoh
s15,PCy3 HBF4,57.43,meoh
s15,Ph-DavePhos,39.38,meoh
s15,Ph-SPhos,26.31,meoh
s15,Ph-XPhos,14.48,meoh
s15,PMe3 HBF4,12.61,meoh
s15,P(o-Anis)3,33.78,meoh
s15,P(p-Anis)3,68.01,meoh
s15,P(p-F-Ph)3,64.9,meoh
s15,PPh2Cy,73.61,meoh
s15,PPh3,66.77,meoh
s15,PPhtBu2,12.61,meoh
s15,PXy3,69.26,meoh
s15,VPhos,15.72,meoh
s16,Cy-JohnPhos,75.09,meoh
s16,Ph-SPhos,65.68,meoh
s16,Cy-BippyPhos,54.02,meoh
s16,MeO-KITPHOS,63.26,meoh
s16,MePhos,70.44,meoh
s16,Kwong,70.79,meoh
s16,Cy-PhenCar-Phos,67.65,meoh
s16,Ph-XPhos,61.24,meoh
s16,VPhos,52.82,meoh
s16,Ph-DavePhos,65.36,meoh
s16,PPhtBu2,64.77,meoh
s16,P(p-Anis)3,94.2,meoh
s16,A-paPhos,100.0,meoh
s16,PXy3,97.33,meoh
s16,PMe3 HBF4,84.3,meoh
s16,CX-PCy,75.48,meoh
s16,CX-FBu,62.21,meoh
s16,PPh2Cy,89.14,meoh
s16,P(p-F-Ph)3,85.58,meoh
s16,PCy3 HBF4,37.68,meoh
s16,Cy-vBRIDP,80.62,meoh
s16,P(o-Anis)3,59.29,meoh
s16,PPh3,98.16,meoh
s17,Cy-JohnPhos,70.15056675,meoh
s17,Ph-SPhos,73.77372047,meoh
s17,Cy-BippyPhos,73.74786285,meoh
s17,MeO-KITPHOS,40.39414747,meoh
s17,MePhos,83.59490584,meoh
s17,Kwong,59.45267573,meoh
s17,Cy-PhenCar-Phos,55.57791165,meoh
s17,Ph-XPhos,74.88674145,meoh
s17,VPhos,35.91094738,meoh
s17,Ph-DavePhos,56.10183415,meoh
s17,PPhtBu2,86.23596615,meoh
s17,P(p-Anis)3,81.79263245,meoh
s17,A-paPhos,60.04147509,meoh
s17,PXy3,79.29996786,meoh
s17,PMe3 HBF4,52.05447939,meoh
s17,CX-PCy,51.8748862,meoh
s17,CX-FBu,70.24439311,meoh
s17,PPh2Cy,70.91678621,meoh
s17,P(p-F-Ph)3,70.0507933,meoh
s17,PCy3 HBF4,73.9343147,meoh
s17,Cy-vBRIDP,97.18242493,meoh
s17,P(o-Anis)3,57.053249,meoh
s17,PPh3,94.45233444,meoh
s18,Cy-JohnPhos,93.47,meoh
s18,Ph-SPhos,39.17,meoh
s18,Cy-BippyPhos,93.32,meoh
s18,MeO-KITPHOS,80.71,meoh
s18,MePhos,52.52,meoh
s18,Kwong,52.08,meoh
s18,Cy-PhenCar-Phos,75.67,meoh
s18,Ph-XPhos,19.73,meoh
s18,VPhos,24.63,meoh
s18,Ph-DavePhos,29.82,meoh
s18,PPhtBu2,2.52,meoh
s18,P(p-Anis)3,30.27,meoh
s18,A-paPhos,20.03,meoh
s18,PXy3,18.25,meoh
s18,PMe3 HBF4,38.87,meoh
s18,CX-PCy,30.27,meoh
s18,CX-FBu,34.12,meoh
s18,PPh2Cy,60.24,meoh
s18,P(p-F-Ph)3,29.38,meoh
s18,PCy3 HBF4,9.94,meoh
s18,Cy-vBRIDP,40.8,meoh
s18,P(o-Anis)3,22.11,meoh
s18,PPh3,36.65,meoh
s19,Cy-JohnPhos,95.71618109023716,meoh
s19,Ph-SPhos,57.5205543578688,meoh
s19,Cy-BippyPhos,93.3667631659994,meoh
s19,MeO-KITPHOS,68.85262704034494,meoh
s19,MePhos,70.20319063751154,meoh
s19,Kwong,77.75790575916231,meoh
s19,Cy-PhenCar-Phos,98.54392362180474,meoh
s19,Ph-XPhos,40.6314752078842,meoh
s19,VPhos,44.33145672928858,meoh
s19,Ph-DavePhos,60.01769017554667,meoh
s19,PPhtBu2,24.19961810902372,meoh
s19,P(p-Anis)3,36.17883584847552,meoh
s19,A-paPhos,39.773304588851246,meoh
s19,PXy3,36.28434862950416,meoh
s19,PMe3 HBF4,63.08459501077919,meoh
s19,CX-PCy,88.23180782260549,meoh
s19,CX-FBu,39.5130397289806,meoh
s19,PPh2Cy,48.53086541422852,meoh
s19,P(p-F-Ph)3,84.6725100092393,meoh
s19,PCy3 HBF4,32.72505081613798,meoh
s19,Cy-vBRIDP,47.33505389590391,meoh
s19,P(o-Anis)3,61.410458885124726,meoh
s19,PPh3,50.46526639975362,meoh
s20,Cy-JohnPhos,52.32,meoh
s20,Ph-SPhos,37.68,meoh
s20,Cy-BippyPhos,48.03,meoh
s20,MeO-KITPHOS,41.88,meoh
s20,MePhos,49.81,meoh
s20,Kwong,51.39,meoh
s20,Cy-PhenCar-Phos,44.58,meoh
s20,Ph-XPhos,33.86,meoh
s20,VPhos,42.72,meoh
s20,Ph-DavePhos,53.35,meoh
s20,PPhtBu2,29.29,meoh
s20,P(p-Anis)3,70.14,meoh
s20,A-paPhos,64.08,meoh
s20,PXy3,56.71,meoh
s20,PMe3 HBF4,22.94,meoh
s20,CX-PCy,50.09,meoh
s20,CX-FBu,15.39,meoh
s20,PPh2Cy,65.85,meoh
s20,P(p-F-Ph)3,70.51,meoh
s20,PCy3 HBF4,23.88,meoh
s20,Cy-vBRIDP,53.07,meoh
s20,P(o-Anis)3,56.61,meoh
s20,PPh3,73.87,meoh
s21,Cy-JohnPhos,51.12,meoh
s21,Ph-SPhos,49.97,meoh
s21,Cy-BippyPhos,42.66,meoh
s21,MeO-KITPHOS,59.32,meoh
s21,MePhos,42.92,meoh
s21,Kwong,45.35,meoh
s21,Cy-PhenCar-Phos,53.3,meoh
s21,Ph-XPhos,25.37,meoh
s21,VPhos,31.65,meoh
s21,Ph-DavePhos,66.11,meoh
s21,PPhtBu2,1.67,meoh
s21,P(p-Anis)3,50.99,meoh
s21,A-paPhos,25.11,meoh
s21,PXy3,12.04,meoh
s21,PMe3 HBF4,68.29,meoh
s21,CX-PCy,32.03,meoh
s21,CX-FBu,36.64,meoh
s21,PPh2Cy,84.17,meoh
s21,P(p-F-Ph)3,42.92,meoh
s21,PCy3 HBF4,19.09,meoh
s21,Cy-vBRIDP,33.95,meoh
s21,P(o-Anis)3,23.83,meoh
s21,PPh3,29.34,meoh
s22,Cy-JohnPhos,100.0,meoh
s22,Ph-SPhos,60.34,meoh
s22,Cy-BippyPhos,95.19,meoh
s22,MeO-KITPHOS,76.76,meoh
s22,MePhos,63.45,meoh
s22,Kwong,81.89,meoh
s22,Cy-PhenCar-Phos,82.93,meoh
s22,Ph-XPhos,34.7,meoh
s22,VPhos,42.03,meoh
s22,Ph-DavePhos,67.09,meoh
s22,PPhtBu2,19.39,meoh
s22,P(p-Anis)3,30.69,meoh
s22,A-paPhos,33.69,meoh
s22,PXy3,32.08,meoh
s22,PMe3 HBF4,38.58,meoh
s22,CX-PCy,88.24,meoh
s22,CX-FBu,38.52,meoh
s22,PPh2Cy,37.54,meoh
s22,P(p-F-Ph)3,85.78,meoh
s22,PCy3 HBF4,30.04,meoh
s22,Cy-vBRIDP,51.62,meoh
s22,P(o-Anis)3,57.07,meoh
s22,PPh3,54.09,meoh
s23,Cy-JohnPhos,53.65,meoh
s23,Ph-SPhos,49.18,meoh
s23,Cy-BippyPhos,58.91,meoh
s23,MeO-KITPHOS,33.52,meoh
s23,MePhos,46.77,meoh
s23,Kwong,37.45,meoh
s23,Cy-PhenCar-Phos,33.85,meoh
s23,Ph-XPhos,41.7,meoh
s23,VPhos,40.51,meoh
s23,Ph-DavePhos,46.43,meoh
s23,PPhtBu2,6.43,meoh
s23,P(p-Anis)3,57.61,meoh
s23,A-paPhos,58.2,meoh
s23,PXy3,66.4,meoh
s23,PMe3 HBF4,43.42,meoh
s23,CX-PCy,42.12,meoh
s23,CX-FBu,35.06,meoh
s23,PPh2Cy,58.02,meoh
s23,P(p-F-Ph)3,59.43,meoh
s23,PCy3 HBF4,19.05,meoh
s23,Cy-vBRIDP,59.22,meoh
s23,P(o-Anis)3,47.76,meoh
s23,PPh3,57.48,meoh
s24,Cy-JohnPhos,94.84,meoh
s24,Ph-SPhos,28.7,meoh
s24,Cy-BippyPhos,76.17,meoh
s24,MeO-KITPHOS,70.22,meoh
s24,MePhos,66.46,meoh
s24,Kwong,75.68,meoh
s24,Cy-PhenCar-Phos,67.34,meoh
s24,Ph-XPhos,25.63,meoh
s24,VPhos,51.46,meoh
s24,Ph-DavePhos,60.63,meoh
s24,PPhtBu2,0.0,meoh
s24,P(p-Anis)3,49.77,meoh
s24,A-paPhos,30.35,meoh
s24,PXy3,10.71,meoh
s24,PMe3 HBF4,74.1,meoh
s24,CX-PCy,100.0,meoh
s24,CX-FBu,30.47,meoh
s24,PPh2Cy,62.25,meoh
s24,P(p-F-Ph)3,54.1,meoh
s24,PCy3 HBF4,17.03,meoh
s24,Cy-vBRIDP,49.39,meoh
s24,P(o-Anis)3,50.02,meoh
s24,PPh3,19.71,meoh
s25,Cy-JohnPhos,71.09,meoh
s25,Ph-SPhos,32.25,meoh
s25,Cy-BippyPhos,75.83,meoh
s25,MeO-KITPHOS,78.49,meoh
s25,MePhos,47.14,meoh
s25,Kwong,72.11,meoh
s25,Cy-PhenCar-Phos,69.35,meoh
s25,Ph-XPhos,54.22,meoh
s25,VPhos,44.18,meoh
s25,Ph-DavePhos,48.22,meoh
s25,PPhtBu2,0.0,meoh
s25,P(p-Anis)3,72.12,meoh
s25,A-paPhos,51.12,meoh
s25,PXy3,37.61,meoh
s25,PMe3 HBF4,66.92,meoh
s25,CX-PCy,83.46,meoh
s25,CX-FBu,66.13,meoh
s25,PPh2Cy,87.76,meoh
s25,P(p-F-Ph)3,69.85,meoh
s25,PCy3 HBF4,16.31,meoh
s25,Cy-vBRIDP,50.42,meoh
s25,P(o-Anis)3,79.31,meoh
s25,PPh3,39.93,meoh
s26,Cy-JohnPhos,57.22,meoh
s26,Ph-SPhos,38.35,meoh
s26,Cy-BippyPhos,34.26,meoh
s26,MeO-KITPHOS,41.34,meoh
s26,MePhos,51.79,meoh
s26,Kwong,51.07,meoh
s26,Cy-PhenCar-Phos,38.49,meoh
s26,Ph-XPhos,35.42,meoh
s26,VPhos,30.08,meoh
s26,Ph-DavePhos,42.46,meoh
s26,PPhtBu2,36.65,meoh
s26,P(p-Anis)3,82.11,meoh
s26,A-paPhos,81.93,meoh
s26,PXy3,87.88,meoh
s26,PMe3 HBF4,18.8,meoh
s26,CX-PCy,61.2,meoh
s26,CX-FBu,40.99,meoh
s26,PPh2Cy,75.48,meoh
s26,P(p-F-Ph)3,94.14,meoh
s26,PCy3 HBF4,39.87,meoh
s26,Cy-vBRIDP,69.97,meoh
s26,P(o-Anis)3,34.96,meoh
s26,PPh3,83.34,meoh
s27,Cy-JohnPhos,13.23,meoh
s27,Ph-SPhos,0.0,meoh
s27,Cy-BippyPhos,0.0,meoh
s27,MeO-KITPHOS,0.0,meoh
s27,MePhos,7.56,meoh
s27,Kwong,0.0,meoh
s27,Cy-PhenCar-Phos,0.0,meoh
s27,Ph-XPhos,7.35,meoh
s27,VPhos,3.96,meoh
s27,Ph-DavePhos,1.21,meoh
s27,PPhtBu2,0.0,meoh
s27,P(p-Anis)3,11.04,meoh
s27,A-paPhos,11.45,meoh
s27,PXy3,13.35,meoh
s27,PMe3 HBF4,18.04,meoh
s27,CX-PCy,24.81,meoh
s27,CX-FBu,0.0,meoh
s27,PPh2Cy,14.49,meoh
s27,P(p-F-Ph)3,17.36,meoh
s27,PCy3 HBF4,16.53,meoh
s27,Cy-vBRIDP,8.98,meoh
s27,P(o-Anis)3,11.79,meoh
s27,PPh3,15.23,meoh
s28,Cy-JohnPhos,57.59,meoh
s28,Ph-SPhos,48.98,meoh
s28,Cy-BippyPhos,53.08,meoh
s28,MeO-KITPHOS,59.42,meoh
s28,MePhos,52.33,meoh
s28,Kwong,56.07,meoh
s28,Cy-PhenCar-Phos,57.3,meoh
s28,Ph-XPhos,52.77,meoh
s28,VPhos,56.99,meoh
s28,Ph-DavePhos,54.51,meoh
s28,PPhtBu2,14.18,meoh
s28,P(p-Anis)3,63.13,meoh
s28,A-paPhos,63.27,meoh
s28,PXy3,52.82,meoh
s28,PMe3 HBF4,16.11,meoh
s28,CX-PCy,60.57,meoh
s28,CX-FBu,32.52,meoh
s28,PPh2Cy,61.11,meoh
s28,P(p-F-Ph)3,62.36,meoh
s28,PCy3 HBF4,19.6,meoh
s28,Cy-vBRIDP,31.03,meoh
s28,P(o-Anis)3,26.08,meoh
s28,PPh3,60.33,meoh
s29,Cy-JohnPhos,78.65,meoh
s29,Ph-SPhos,27.82,meoh
s29,Cy-BippyPhos,73.13,meoh
s29,MeO-KITPHOS,41.7,meoh
s29,MePhos,51.13,meoh
s29,Kwong,69.29,meoh
s29,Cy-PhenCar-Phos,76.38,meoh
s29,Ph-XPhos,14.74,meoh
s29,VPhos,35.65,meoh
s29,Ph-DavePhos,38.08,meoh
s29,PPhtBu2,2.62,meoh
s29,P(p-Anis)3,11.72,meoh
s29,A-paPhos,11.35,meoh
s29,PXy3,15.67,meoh
s29,PMe3 HBF4,2.4,meoh
s29,CX-PCy,26.73,meoh
s29,CX-FBu,27.82,meoh
s29,PPh2Cy,33.01,meoh
s29,P(p-F-Ph)3,13.46,meoh
s29,PCy3 HBF4,10.0,meoh
s29,Cy-vBRIDP,10.24,meoh
s29,P(o-Anis)3,17.07,meoh
s29,PPh3,14.51,meoh
s30,Cy-JohnPhos,66.37,meoh
s30,Ph-SPhos,23.14,meoh
s30,Cy-BippyPhos,61.4,meoh
s30,MeO-KITPHOS,17.87,meoh
s30,MePhos,55.37,meoh
s30,Kwong,56.15,meoh
s30,Cy-PhenCar-Phos,78.18,meoh
s30,Ph-XPhos,22.29,meoh
s30,VPhos,34.95,meoh
s30,Ph-DavePhos,29.51,meoh
s30,PPhtBu2,1.84,meoh
s30,P(p-Anis)3,11.91,meoh
s30,A-paPhos,12.78,meoh
s30,PXy3,19.02,meoh
s30,PMe3 HBF4,1.9,meoh
s30,CX-PCy,21.68,meoh
s30,CX-FBu,21.87,meoh
s30,PPh2Cy,28.32,meoh
s30,P(p-F-Ph)3,15.4,meoh
s30,PCy3 HBF4,8.16,meoh
s30,Cy-vBRIDP,12.72,meoh
s30,P(o-Anis)3,17.44,meoh
s30,PPh3,11.25,meoh
s31,Cy-JohnPhos,88.75530699620512,meoh
s31,Ph-SPhos,79.31989685705946,meoh
s31,Cy-BippyPhos,90.148454801985,meoh
s31,MeO-KITPHOS,63.986224579157344,meoh
s31,MePhos,75.38470662644741,meoh
s31,Kwong,88.14919723654764,meoh
s31,Cy-PhenCar-Phos,89.13525639778146,meoh
s31,Ph-XPhos,54.76792838376958,meoh
s31,VPhos,73.19547436022187,meoh
s31,Ph-DavePhos,76.40695144497421,meoh
s31,PPhtBu2,7.03,meoh
s31,P(p-Anis)3,81.25582952223411,meoh
s31,A-paPhos,64.57424151016833,meoh
s31,PXy3,64.47473095261263,meoh
s31,PMe3 HBF4,9.94294541208524,meoh
s31,CX-PCy,41.08974992702151,meoh
s31,CX-FBu,62.97302617495379,meoh
s31,PPh2Cy,100.0,meoh
s31,P(p-F-Ph)3,87.56118030553664,meoh
s31,PCy3 HBF4,24.299604943076773,meoh
s31,Cy-vBRIDP,30.99395154227888,meoh
s31,P(o-Anis)3,30.17072783886348,meoh
s31,PPh3,92.74477571275663,meoh
s32,Cy-JohnPhos,94.77821198543823,meoh
s32,Ph-SPhos,89.53683001960235,meoh
s32,Cy-BippyPhos,94.39612993559228,meoh
s32,MeO-KITPHOS,83.19818678241388,meoh
s32,MePhos,82.72793195183422,meoh
s32,Kwong,87.80276533183982,meoh
s32,Cy-PhenCar-Phos,89.09596611593389,meoh
s32,Ph-XPhos,63.23195043405209,meoh
s32,VPhos,46.77303136376365,meoh
s32,Ph-DavePhos,88.16525343041165,meoh
s32,PPhtBu2,39.66042705124615,meoh
s32,P(p-Anis)3,81.42493419210305,meoh
s32,A-paPhos,79.59289974796977,meoh
s32,PXy3,68.12064127695322,meoh
s32,PMe3 HBF4,42.335001400168025,meoh
s32,CX-PCy,91.00637636516382,meoh
s32,CX-FBu,51.67151918230187,meoh
s32,PPh2Cy,83.41372024642956,meoh
s32,P(p-F-Ph)3,88.62571128535424,meoh
s32,PCy3 HBF4,56.58960095211425,meoh
s32,Cy-vBRIDP,41.502258471016525,meoh
s32,P(o-Anis)3,77.97639876785215,meoh
s32,PPh3,81.25838560627275,meoh
s33,Cy-JohnPhos,84.89,meoh
s33,Ph-SPhos,36.83,meoh
s33,Cy-BippyPhos,53.33,meoh
s33,MeO-KITPHOS,63.84,meoh
s33,MePhos,67.73,meoh
s33,Kwong,71.1,meoh
s33,Cy-PhenCar-Phos,57.26,meoh
s33,Ph-XPhos,26.67,meoh
s33,VPhos,70.87,meoh
s33,Ph-DavePhos,72.47,meoh
s33,PPhtBu2,20.79,meoh
s33,P(p-Anis)3,90.49,meoh
s33,A-paPhos,97.24,meoh
s33,PXy3,95.37,meoh
s33,PMe3 HBF4,20.55,meoh
s33,CX-PCy,56.34,meoh
s33,CX-FBu,19.93,meoh
s33,PPh2Cy,89.43,meoh
s33,P(p-F-Ph)3,86.07,meoh
s33,PCy3 HBF4,21.31,meoh
s33,Cy-vBRIDP,62.96,meoh
s33,P(o-Anis)3,48.97,meoh
s33,PPh3,90.33,meoh
